<?xml version = '1.0' encoding = 'UTF-8'?>
<relationalModel class="oracle.dbtools.crest.model.design.relational.RelationalDesign" name="Relational_1" id="E9869E9A-B16F-6931-5A3D-624B83015105" mainViewID="064AD1DD-9672-89E1-F7C9-80A1C74C0293">
<createdBy>pcannata</createdBy>
<createdTime>2015-02-02 22:49:05 UTC</createdTime>
<ownerDesignName>SO_org Logical Model</ownerDesignName>
<shouldBeOpen>false</shouldBeOpen>
<selectedRDBMSSite>32076570-2523-435C-2E92-BF29817DFF70</selectedRDBMSSite>
</relationalModel>