<?xml version = '1.0' encoding = 'UTF-8'?>
<Diagram class="oracle.dbtools.crest.swingui.relational.DPVRelational" name="Relational_1" id="064AD1DD-9672-89E1-F7C9-80A1C74C0293">
<createdBy>pcannata</createdBy>
<createdTime>2015-02-02 22:49:11 UTC</createdTime>
<autoRoute>false</autoRoute>
<boxInbox>true</boxInbox>
<showLegend>false</showLegend>
<showLabels>false</showLabels>
<showRelAttributes>false</showRelAttributes>
<showGrid>false</showGrid>
<diagramColor>-1</diagramColor>
<display>false</display>
<notation>1</notation>
<objectViews>
<OView class="oracle.dbtools.crest.swingui.relational.TVTable" oid="16390F8C-5822-28D5-42C9-E1DA12E44637" otype="Table" vid="793FDE19-24A9-3224-7D56-0EEFCE69FB55">
<hideElementsInCurrentOnly>false</hideElementsInCurrentOnly>
<bounds x="147" y="422" width="170" height="110"/>
</OView>
<OView class="oracle.dbtools.crest.swingui.relational.TVTable" oid="211C4D7B-7D2C-A24E-C219-690739E7DC7D" otype="Table" vid="74E3797D-2ACD-AE41-EFB5-905358F36C29">
<hideElementsInCurrentOnly>false</hideElementsInCurrentOnly>
<bounds x="483" y="82" width="296" height="258"/>
</OView>
<OView class="oracle.dbtools.crest.swingui.relational.TVTable" oid="60BAE615-E1C3-B335-BE93-D79BBB7F2081" otype="Table" vid="8C08AA0F-FDD8-8A65-9E53-501A3E5B5035">
<hideElementsInCurrentOnly>false</hideElementsInCurrentOnly>
<bounds x="110" y="79" width="275" height="212"/>
</OView>
<OView class="oracle.dbtools.crest.swingui.relational.TVTable" oid="EE578188-FC9F-3CBE-E879-95153932C5EE" otype="Table" vid="8A8CE8F4-889E-3ED0-B938-74CB21D5E983">
<hideElementsInCurrentOnly>false</hideElementsInCurrentOnly>
<bounds x="621" y="434" width="170" height="110"/>
</OView>
</objectViews>
<connectors>
<Connector class="oracle.dbtools.crest.swingui.relational.TVFKRelation" oid="174A2A69-917B-61BF-3068-50F9A043F0DB" otype="FKIndexAssociation" vid_source="74E3797D-2ACD-AE41-EFB5-905358F36C29" vid_target="8A8CE8F4-889E-3ED0-B938-74CB21D5E983">
<hideElementsInCurrentOnly>false</hideElementsInCurrentOnly>
<lineWidth>1</lineWidth>
<points>
<point x="690" y="340"/>
<point x="690" y="434"/>
</points>
</Connector>
<Connector class="oracle.dbtools.crest.swingui.relational.TVFKRelation" oid="203FF043-418F-5357-E5A3-37C2E5D28031" otype="FKIndexAssociation" vid_source="8C08AA0F-FDD8-8A65-9E53-501A3E5B5035" vid_target="793FDE19-24A9-3224-7D56-0EEFCE69FB55">
<hideElementsInCurrentOnly>false</hideElementsInCurrentOnly>
<lineWidth>1</lineWidth>
<points>
<point x="232" y="291"/>
<point x="232" y="422"/>
</points>
</Connector>
<Connector class="oracle.dbtools.crest.swingui.relational.TVFKRelation" oid="2585F598-CB21-DE20-0A50-BC1085638A4C" otype="FKIndexAssociation" vid_source="8C08AA0F-FDD8-8A65-9E53-501A3E5B5035" vid_target="74E3797D-2ACD-AE41-EFB5-905358F36C29">
<hideElementsInCurrentOnly>false</hideElementsInCurrentOnly>
<lineWidth>1</lineWidth>
<points>
<point x="385" y="229"/>
<point x="483" y="228"/>
</points>
</Connector>
<Connector class="oracle.dbtools.crest.swingui.relational.TVFKRelation" oid="88A8AE8F-0CA6-BC89-A7E4-D4698F9D788B" otype="FKIndexAssociation" vid_source="8C08AA0F-FDD8-8A65-9E53-501A3E5B5035" vid_target="8A8CE8F4-889E-3ED0-B938-74CB21D5E983">
<hideElementsInCurrentOnly>false</hideElementsInCurrentOnly>
<lineWidth>1</lineWidth>
<points>
<point x="370" y="291"/>
<point x="370" y="488"/>
<point x="621" y="488"/>
</points>
</Connector>
<Connector class="oracle.dbtools.crest.swingui.relational.TVFKRelation" oid="ADA8DECF-528C-7CD0-4546-CD78A3E0E7D5" otype="FKIndexAssociation" vid_source="74E3797D-2ACD-AE41-EFB5-905358F36C29" vid_target="793FDE19-24A9-3224-7D56-0EEFCE69FB55">
<hideElementsInCurrentOnly>false</hideElementsInCurrentOnly>
<lineWidth>1</lineWidth>
<points>
<point x="512" y="340"/>
<point x="512" y="442"/>
<point x="317" y="442"/>
</points>
</Connector>
</connectors>
</Diagram>