<?xml version = '1.0' encoding = 'UTF-8'?>
<Relation class="oracle.dbtools.crest.model.design.logical.InheritanceRelation" name="Hierarchy_2" directorySegmentName="seg_0" id="5CF11566-4338-D0C2-4C54-B45034701645">
<createdBy>pcannata</createdBy>
<createdTime>2015-01-28 22:19:12 UTC</createdTime>
<ownerDesignName>SO_org</ownerDesignName>
<engineerTo>
<item key="30E59D9B-A3B8-9EC3-0332-939B06E8BECE" value="true"/>
</engineerTo>
<identifying>false</identifying>
<nameOnSource>Super Type</nameOnSource>
<nameOnTarget>Sub Type</nameOnTarget>
<optionalSource>true</optionalSource>
<optionalTarget>true</optionalTarget>
<sourceEntity>30EC374E-EA9A-432E-7C9B-5910B8ADA7D6</sourceEntity>
<targetEntity>DC8CB170-5652-523B-2F25-9659230AC8CA</targetEntity>
<transferable>true</transferable>
<deleteRule>NO ACTION</deleteRule>
</Relation>