<?xml version = '1.0' encoding = 'UTF-8'?>
<Relation class="oracle.dbtools.crest.model.design.logical.InheritanceRelation" name="Hierarchy_1" directorySegmentName="seg_0" id="A1F74EF3-13EF-3C89-263C-194153FCC847">
<createdBy>pcannata</createdBy>
<createdTime>2015-01-28 22:16:56 UTC</createdTime>
<ownerDesignName>SO_org</ownerDesignName>
<engineerTo>
<item key="30E59D9B-A3B8-9EC3-0332-939B06E8BECE" value="true"/>
</engineerTo>
<identifying>false</identifying>
<nameOnSource>Super Type</nameOnSource>
<nameOnTarget>Sub Type</nameOnTarget>
<optionalSource>true</optionalSource>
<optionalTarget>true</optionalTarget>
<sourceEntity>30EC374E-EA9A-432E-7C9B-5910B8ADA7D6</sourceEntity>
<targetEntity>1CFA1964-0DEF-AD1A-6AC1-56ABF834EA3C</targetEntity>
<transferable>true</transferable>
<deleteRule>NO ACTION</deleteRule>
</Relation>