<?xml version = '1.0' encoding = 'UTF-8'?>
<Table class="oracle.dbtools.crest.model.design.relational.Table" directorySegmentName="seg_0" id="5A0422BA-EDA2-8AEF-0EE8-5CCC257D5600" name="SO_Employee">
<createdBy>pcannata</createdBy>
<createdTime>2015-01-28 22:55:12 UTC</createdTime>
<generatorID>DC8CB170-5652-523B-2F25-9659230AC8CA</generatorID>
<ownerDesignName>SO_org</ownerDesignName>
<allowColumnReorder>false</allowColumnReorder>
<existDependencyGenerateInDDl>true</existDependencyGenerateInDDl>
<columns itemClass="oracle.dbtools.crest.model.design.relational.Column">
<Column name="person_id" id="57C58C8E-9CC6-0E4A-FE56-080BF3CD5C91">
<createdBy>pcannata</createdBy>
<createdTime>2015-01-28 22:55:12 UTC</createdTime>
<generatorID>FDB187B9-4AEA-85D1-6F0C-6942B590F5FD</generatorID>
<ownerDesignName>SO_org</ownerDesignName>
<useDomainConstraints>false</useDomainConstraints>
<use>1</use>
<logicalDatatype>LOGDT011</logicalDatatype>
<delegate>50E8670C-57BF-1AB1-05A6-6EA0276B9F39</delegate>
<autoIncrementCycle>false</autoIncrementCycle>
<associations>
<colAssociation fkAssociation="86D11726-CF91-9385-C130-154F2821828E" referredColumn="50E8670C-57BF-1AB1-05A6-6EA0276B9F39"/>
</associations>
</Column>
<Column name="empid" id="04EF4C42-A1AE-585E-DC09-D6DECD8E5A7D">
<createdBy>pcannata</createdBy>
<createdTime>2015-01-28 22:55:12 UTC</createdTime>
<generatorID>8C672E59-D593-7A51-FDC7-24B37F33C9D2</generatorID>
<ownerDesignName>SO_org</ownerDesignName>
<nullsAllowed>true</nullsAllowed>
<useDomainConstraints>false</useDomainConstraints>
<use>1</use>
<logicalDatatype>LOGDT011</logicalDatatype>
<autoIncrementCycle>false</autoIncrementCycle>
</Column>
<Column name="SO_organization_organization_id" id="4698649A-556E-C6F2-6B00-CFE3156B2836">
<createdBy>pcannata</createdBy>
<createdTime>2015-01-28 22:55:12 UTC</createdTime>
<generatorID>E597BCDA-ABDB-8208-FA51-BC677C9A9453</generatorID>
<ownerDesignName>SO_org</ownerDesignName>
<nullsAllowed>true</nullsAllowed>
<useDomainConstraints>false</useDomainConstraints>
<use>1</use>
<delegate>1E274104-AC90-F7F1-6FFB-F25FD57A97A6</delegate>
<previousColumn>false</previousColumn>
<autoIncrementCycle>false</autoIncrementCycle>
<associations>
<colAssociation fkAssociation="72FDF669-2C84-1363-8696-94E23E76B707" referredColumn="1E274104-AC90-F7F1-6FFB-F25FD57A97A6"/>
</associations>
</Column>
</columns>
<indexes itemClass="oracle.dbtools.crest.model.design.relational.Index">
<ind_PK_UK id="43C7DAD9-2C79-8A8E-469F-5C9664C61FBD" name="SO_Employee_PK">
<createdBy>pcannata</createdBy>
<createdTime>2015-01-28 22:55:12 UTC</createdTime>
<generatorID>DB6CCB10-4B74-DB04-2821-07A6E7FA3583</generatorID>
<ownerDesignName>SO_org</ownerDesignName>
<pk>true</pk>
<indexState>Primary Constraint</indexState>
<isSurrogateKey>false</isSurrogateKey>
<indexColumnUsage>
<colUsage columnID="57C58C8E-9CC6-0E4A-FE56-080BF3CD5C91"/>
</indexColumnUsage>
</ind_PK_UK>
<ind_PK_UK id="C6645D90-37E9-DC1B-CA71-E112791D2B3A" name="FK_ASS_2">
<createdBy>pcannata</createdBy>
<createdTime>2015-01-28 22:55:12 UTC</createdTime>
<generatorID>5CF11566-4338-D0C2-4C54-B45034701645</generatorID>
<ownerDesignName>SO_org</ownerDesignName>
<indexState>Foreign Key</indexState>
<isSurrogateKey>false</isSurrogateKey>
<indexColumnUsage>
<colUsage columnID="57C58C8E-9CC6-0E4A-FE56-080BF3CD5C91"/>
</indexColumnUsage>
</ind_PK_UK>
<ind_PK_UK id="1E6D2077-39F9-DA76-C63B-9DADC9B1CD71" name="SO_Employee_SO_organization_FK">
<createdBy>pcannata</createdBy>
<createdTime>2015-01-28 22:55:12 UTC</createdTime>
<generatorID>53C9B7B1-442D-799C-FEE0-E579396AF927</generatorID>
<ownerDesignName>SO_org</ownerDesignName>
<indexState>Foreign Key</indexState>
<isSurrogateKey>false</isSurrogateKey>
<indexColumnUsage>
<colUsage columnID="4698649A-556E-C6F2-6B00-CFE3156B2836"/>
</indexColumnUsage>
</ind_PK_UK>
</indexes>
</Table>