<?xml version = '1.0' encoding = 'UTF-8'?>
<Entity class="oracle.dbtools.crest.model.design.logical.Entity" directorySegmentName="seg_0" id="DC8CB170-5652-523B-2F25-9659230AC8CA" name="SO_Employee">
<createdBy>pcannata</createdBy>
<createdTime>2015-01-28 22:18:19 UTC</createdTime>
<ownerDesignName>SO_org</ownerDesignName>
<engineerTo>
<item key="30E59D9B-A3B8-9EC3-0332-939B06E8BECE" value="true"/>
</engineerTo>
<adequatelyNormalized>NO</adequatelyNormalized>
<expectedVolumes>0</expectedVolumes>
<fwdEngineeringStrategyName>Single Table</fwdEngineeringStrategyName>
<growthPercent>0</growthPercent>
<growthType>Year</growthType>
<hierarchicalParent>30EC374E-EA9A-432E-7C9B-5910B8ADA7D6</hierarchicalParent>
<maxVolumes>9999999</maxVolumes>
<minVolumes>0</minVolumes>
<normalForm>Third</normalForm>
<attributes itemClass="oracle.dbtools.crest.model.design.logical.Attribute">
<Attribute name="empid" id="8C672E59-D593-7A51-FDC7-24B37F33C9D2">
<createdBy>pcannata</createdBy>
<createdTime>2015-01-28 22:18:45 UTC</createdTime>
<ownerDesignName>SO_org</ownerDesignName>
<engineerTo>
<item key="30E59D9B-A3B8-9EC3-0332-939B06E8BECE" value="true"/>
</engineerTo>
<nullsAllowed>true</nullsAllowed>
<useDomainConstraints>false</useDomainConstraints>
<use>1</use>
<logicalDatatype>LOGDT011</logicalDatatype>
</Attribute>
</attributes>
</Entity>