<?xml version = '1.0' encoding = 'UTF-8'?>
<relationalModel class="oracle.dbtools.crest.model.design.relational.RelationalDesign" name="Relational_1" id="3936F0E7-57FE-BE09-875F-0BAC6FC1DB9B" mainViewID="21375749-F4D2-02B3-2D32-A110438E9B5C">
<createdBy>pcannata</createdBy>
<createdTime>2015-02-03 02:33:02 UTC</createdTime>
<ownerDesignName>SO_org Conceptual</ownerDesignName>
<shouldBeOpen>false</shouldBeOpen>
<selectedRDBMSSite>32076570-2523-435C-2E92-BF29817DFF70</selectedRDBMSSite>
</relationalModel>