<?xml version = '1.0' encoding = 'UTF-8'?>
<Entity class="oracle.dbtools.crest.model.design.logical.Entity" directorySegmentName="seg_0" id="30EC374E-EA9A-432E-7C9B-5910B8ADA7D6" name="SO_Person">
<createdBy>pcannata</createdBy>
<createdTime>2015-01-28 22:11:44 UTC</createdTime>
<ownerDesignName>SO_org Conceptual</ownerDesignName>
<engineerTo>
<item key="3936F0E7-57FE-BE09-875F-0BAC6FC1DB9B" value="true"/>
</engineerTo>
<adequatelyNormalized>NO</adequatelyNormalized>
<expectedVolumes>0</expectedVolumes>
<fwdEngineeringStrategyName>Single Table</fwdEngineeringStrategyName>
<growthPercent>0</growthPercent>
<growthType>Year</growthType>
<maxVolumes>9999999</maxVolumes>
<minVolumes>0</minVolumes>
<normalForm>Third</normalForm>
<attributes itemClass="oracle.dbtools.crest.model.design.logical.Attribute">
<Attribute name="person_id" id="FDB187B9-4AEA-85D1-6F0C-6942B590F5FD">
<createdBy>pcannata</createdBy>
<createdTime>2015-01-28 22:12:26 UTC</createdTime>
<ownerDesignName>SO_org Conceptual</ownerDesignName>
<engineerTo>
<item key="3936F0E7-57FE-BE09-875F-0BAC6FC1DB9B" value="true"/>
</engineerTo>
<useDomainConstraints>false</useDomainConstraints>
<use>1</use>
<logicalDatatype>LOGDT011</logicalDatatype>
</Attribute>
<Attribute name="name" id="486705C8-1F18-1097-022D-8A5D6070EA77">
<createdBy>pcannata</createdBy>
<createdTime>2015-01-28 22:12:39 UTC</createdTime>
<ownerDesignName>SO_org Conceptual</ownerDesignName>
<engineerTo>
<item key="3936F0E7-57FE-BE09-875F-0BAC6FC1DB9B" value="true"/>
</engineerTo>
<nullsAllowed>true</nullsAllowed>
<useDomainConstraints>false</useDomainConstraints>
<use>1</use>
<logicalDatatype>LOGDT024</logicalDatatype>
<dataTypeSize>255</dataTypeSize>
</Attribute>
<Attribute name="dob" id="1A9B6E63-B780-F315-4AAD-B7102DDCD927">
<createdBy>pcannata</createdBy>
<createdTime>2015-01-28 22:14:40 UTC</createdTime>
<ownerDesignName>SO_org Conceptual</ownerDesignName>
<engineerTo>
<item key="3936F0E7-57FE-BE09-875F-0BAC6FC1DB9B" value="true"/>
</engineerTo>
<nullsAllowed>true</nullsAllowed>
<useDomainConstraints>false</useDomainConstraints>
<use>1</use>
<logicalDatatype>LOGDT007</logicalDatatype>
</Attribute>
</attributes>
<identifiers itemClass="oracle.dbtools.crest.model.design.logical.CandidateKey">
<identifier id="DB6CCB10-4B74-DB04-2821-07A6E7FA3583" name="SO_Person PK">
<createdBy>pcannata</createdBy>
<createdTime>2015-01-28 22:12:37 UTC</createdTime>
<ownerDesignName>SO_org Conceptual</ownerDesignName>
<engineerTo>
<item key="3936F0E7-57FE-BE09-875F-0BAC6FC1DB9B" value="true"/>
</engineerTo>
<pk>true</pk>
<usedAttributes>
<attributeRef>FDB187B9-4AEA-85D1-6F0C-6942B590F5FD</attributeRef>
</usedAttributes>
</identifier>
</identifiers>
</Entity>