<?xml version = '1.0' encoding = 'UTF-8'?>
<Entity class="oracle.dbtools.crest.model.design.logical.Entity" directorySegmentName="seg_0" id="838EA91C-9DCF-E6AB-F82B-E8ACAC469C6D" name="SO_organization">
<createdBy>pcannata</createdBy>
<createdTime>2015-01-28 22:05:34 UTC</createdTime>
<ownerDesignName>SO_org Conceptual</ownerDesignName>
<engineerTo>
<item key="3936F0E7-57FE-BE09-875F-0BAC6FC1DB9B" value="true"/>
</engineerTo>
<adequatelyNormalized>NO</adequatelyNormalized>
<expectedVolumes>0</expectedVolumes>
<fwdEngineeringStrategyName>Single Table</fwdEngineeringStrategyName>
<growthPercent>0</growthPercent>
<growthType>Year</growthType>
<maxVolumes>9999999</maxVolumes>
<minVolumes>0</minVolumes>
<normalForm>Third</normalForm>
<attributes itemClass="oracle.dbtools.crest.model.design.logical.Attribute">
<Attribute name="organization_id" id="39AB6D9A-5767-5827-AE0E-0D5C7152CECC">
<createdBy>pcannata</createdBy>
<createdTime>2015-01-28 22:06:26 UTC</createdTime>
<ownerDesignName>SO_org Conceptual</ownerDesignName>
<engineerTo>
<item key="3936F0E7-57FE-BE09-875F-0BAC6FC1DB9B" value="true"/>
</engineerTo>
<useDomainConstraints>false</useDomainConstraints>
<use>1</use>
</Attribute>
<Attribute name="name" id="828D220B-D9D7-9F9A-7D3B-D8858205C0B0">
<createdBy>pcannata</createdBy>
<createdTime>2015-01-28 22:07:33 UTC</createdTime>
<ownerDesignName>SO_org Conceptual</ownerDesignName>
<engineerTo>
<item key="3936F0E7-57FE-BE09-875F-0BAC6FC1DB9B" value="true"/>
</engineerTo>
<nullsAllowed>true</nullsAllowed>
<useDomainConstraints>false</useDomainConstraints>
<use>1</use>
<logicalDatatype>LOGDT024</logicalDatatype>
<dataTypeSize>255</dataTypeSize>
</Attribute>
<Attribute name="desc" id="E1180984-8FD6-D6C8-8AC9-13313148F053">
<createdBy>pcannata</createdBy>
<createdTime>2015-01-28 22:07:51 UTC</createdTime>
<ownerDesignName>SO_org Conceptual</ownerDesignName>
<engineerTo>
<item key="3936F0E7-57FE-BE09-875F-0BAC6FC1DB9B" value="true"/>
</engineerTo>
<nullsAllowed>true</nullsAllowed>
<useDomainConstraints>false</useDomainConstraints>
<use>1</use>
<logicalDatatype>LOGDT024</logicalDatatype>
<dataTypeSize>2000</dataTypeSize>
</Attribute>
</attributes>
<identifiers itemClass="oracle.dbtools.crest.model.design.logical.CandidateKey">
<identifier id="F1185BF3-26E1-6C72-9B2F-4883B789A984" name="SO_organization PK">
<createdBy>pcannata</createdBy>
<createdTime>2015-01-28 22:06:51 UTC</createdTime>
<ownerDesignName>SO_org Conceptual</ownerDesignName>
<engineerTo>
<item key="3936F0E7-57FE-BE09-875F-0BAC6FC1DB9B" value="true"/>
</engineerTo>
<pk>true</pk>
<usedAttributes>
<attributeRef>39AB6D9A-5767-5827-AE0E-0D5C7152CECC</attributeRef>
</usedAttributes>
</identifier>
</identifiers>
</Entity>