<?xml version = '1.0' encoding = 'UTF-8'?>
<FKIndexAssociation class="oracle.dbtools.crest.model.design.relational.FKIndexAssociation" directorySegmentName="seg_0" id="86D11726-CF91-9385-C130-154F2821828E" name="FK_ASS_2">
<createdBy>pcannata</createdBy>
<createdTime>2015-01-28 22:55:12 UTC</createdTime>
<generatorID>5CF11566-4338-D0C2-4C54-B45034701645</generatorID>
<ownerDesignName>SO_org</ownerDesignName>
<arc>16913FC1-A41B-6FC3-076D-624431A94E89</arc>
<containerWithKeyObject>5A0422BA-EDA2-8AEF-0EE8-5CCC257D5600</containerWithKeyObject>
<deleteRule>NO ACTION</deleteRule>
<localFKIndex>C6645D90-37E9-DC1B-CA71-E112791D2B3A</localFKIndex>
<keyObject>318B5E6B-485A-1025-88C2-99FD6457217F</keyObject>
<mandatory>true</mandatory>
<transferable>true</transferable>
<columnDependencyConstraintGenerateInDDL>true</columnDependencyConstraintGenerateInDDL>
</FKIndexAssociation>