<?xml version = '1.0' encoding = 'UTF-8'?>
<Relation class="oracle.dbtools.crest.model.design.logical.Relation" name="r2" directorySegmentName="seg_0" id="4FBFDF5D-8ECB-F81B-5C46-5F501A3531C3">
<createdBy>pcannata</createdBy>
<createdTime>2015-01-28 23:03:09 UTC</createdTime>
<ownerDesignName>SO_org Conceptual</ownerDesignName>
<engineerTo>
<item key="3936F0E7-57FE-BE09-875F-0BAC6FC1DB9B" value="true"/>
</engineerTo>
<identifying>false</identifying>
<optionalSource>true</optionalSource>
<optionalTarget>true</optionalTarget>
<sourceCardinality>*</sourceCardinality>
<sourceEntity>838EA91C-9DCF-E6AB-F82B-E8ACAC469C6D</sourceEntity>
<targetCardinalityString>*</targetCardinalityString>
<targetEntity>30EC374E-EA9A-432E-7C9B-5910B8ADA7D6</targetEntity>
<transferable>true</transferable>
<deleteRule>NO ACTION</deleteRule>
</Relation>