<?xml version = '1.0' encoding = 'UTF-8'?>
<Table class="oracle.dbtools.crest.model.design.relational.Table" directorySegmentName="seg_0" id="211C4D7B-7D2C-A24E-C219-690739E7DC7D" name="SO_Person">
<createdBy>pcannata</createdBy>
<createdTime>2015-02-02 22:49:11 UTC</createdTime>
<generatorID>30EC374E-EA9A-432E-7C9B-5910B8ADA7D6</generatorID>
<ownerDesignName>SO_org Logical Model</ownerDesignName>
<allowColumnReorder>false</allowColumnReorder>
<existDependencyGenerateInDDl>true</existDependencyGenerateInDDl>
<columns itemClass="oracle.dbtools.crest.model.design.relational.Column">
<Column name="person_id" id="B5A836FB-329A-46B3-5ACB-F21B74D639EC">
<createdBy>pcannata</createdBy>
<createdTime>2015-02-02 22:49:11 UTC</createdTime>
<generatorID>FDB187B9-4AEA-85D1-6F0C-6942B590F5FD</generatorID>
<ownerDesignName>SO_org Logical Model</ownerDesignName>
<useDomainConstraints>false</useDomainConstraints>
<use>1</use>
<logicalDatatype>LOGDT011</logicalDatatype>
<autoIncrementCycle>false</autoIncrementCycle>
</Column>
<Column name="type" id="408FADC6-DACA-C0F2-C813-63AE7C13E5BF">
<createdBy>pcannata</createdBy>
<createdTime>2015-02-02 22:49:11 UTC</createdTime>
<generatorID>2DF31BFE-70B0-810A-2889-D86B37FA8748</generatorID>
<ownerDesignName>SO_org Logical Model</ownerDesignName>
<nullsAllowed>true</nullsAllowed>
<useDomainConstraints>false</useDomainConstraints>
<use>1</use>
<logicalDatatype>LOGDT024</logicalDatatype>
<dataTypeSize>255</dataTypeSize>
<autoIncrementCycle>false</autoIncrementCycle>
</Column>
<Column name="name" id="CD1560A5-EB25-35BA-C5E1-164E4C0AF81E">
<createdBy>pcannata</createdBy>
<createdTime>2015-02-02 22:49:11 UTC</createdTime>
<generatorID>486705C8-1F18-1097-022D-8A5D6070EA77</generatorID>
<ownerDesignName>SO_org Logical Model</ownerDesignName>
<nullsAllowed>true</nullsAllowed>
<useDomainConstraints>false</useDomainConstraints>
<use>1</use>
<logicalDatatype>LOGDT024</logicalDatatype>
<dataTypeSize>255</dataTypeSize>
<autoIncrementCycle>false</autoIncrementCycle>
</Column>
<Column name="dob" id="50390971-1537-0E55-2F4D-5DEF3F97F3B2">
<createdBy>pcannata</createdBy>
<createdTime>2015-02-02 22:49:11 UTC</createdTime>
<generatorID>1A9B6E63-B780-F315-4AAD-B7102DDCD927</generatorID>
<ownerDesignName>SO_org Logical Model</ownerDesignName>
<nullsAllowed>true</nullsAllowed>
<useDomainConstraints>false</useDomainConstraints>
<use>1</use>
<logicalDatatype>LOGDT007</logicalDatatype>
<autoIncrementCycle>false</autoIncrementCycle>
</Column>
<Column name="empid" id="16702F6E-4DE3-D437-929F-C2EE61650F96">
<createdBy>pcannata</createdBy>
<createdTime>2015-02-02 22:49:11 UTC</createdTime>
<generatorID>0745CBC6-3E9E-4811-C247-8685446564C0</generatorID>
<ownerDesignName>SO_org Logical Model</ownerDesignName>
<nullsAllowed>true</nullsAllowed>
<useDomainConstraints>false</useDomainConstraints>
<use>1</use>
<logicalDatatype>LOGDT011</logicalDatatype>
<autoIncrementCycle>false</autoIncrementCycle>
</Column>
<Column name="SO_Org_org_id" id="8FE205B6-CF53-8547-2409-6D7AA9655D30">
<createdBy>pcannata</createdBy>
<createdTime>2015-02-02 22:49:11 UTC</createdTime>
<generatorID>6F739C9F-4C0F-A83B-0C84-ADB09F1DBF94</generatorID>
<ownerDesignName>SO_org Logical Model</ownerDesignName>
<nullsAllowed>true</nullsAllowed>
<useDomainConstraints>false</useDomainConstraints>
<use>1</use>
<logicalDatatype>LOGDT011</logicalDatatype>
<delegate>9B2D9B78-8A94-505F-9D38-5BD4FA11C4BA</delegate>
<previousColumn>false</previousColumn>
<autoIncrementCycle>false</autoIncrementCycle>
<associations>
<colAssociation fkAssociation="2585F598-CB21-DE20-0A50-BC1085638A4C" referredColumn="9B2D9B78-8A94-505F-9D38-5BD4FA11C4BA"/>
</associations>
</Column>
</columns>
<indexes itemClass="oracle.dbtools.crest.model.design.relational.Index">
<ind_PK_UK id="07179B0D-F29F-45E7-63AE-492A2E2ABFAA" name="SO_Person_PK">
<createdBy>pcannata</createdBy>
<createdTime>2015-02-02 22:49:11 UTC</createdTime>
<generatorID>DB6CCB10-4B74-DB04-2821-07A6E7FA3583</generatorID>
<ownerDesignName>SO_org Logical Model</ownerDesignName>
<pk>true</pk>
<indexState>Primary Constraint</indexState>
<isSurrogateKey>false</isSurrogateKey>
<indexColumnUsage>
<colUsage columnID="B5A836FB-329A-46B3-5ACB-F21B74D639EC"/>
</indexColumnUsage>
</ind_PK_UK>
<ind_PK_UK id="ED291E43-5F10-9EBC-EBFA-E3E068E64E17" name="SO_Person_SO_Org_FK">
<createdBy>pcannata</createdBy>
<createdTime>2015-02-02 22:49:11 UTC</createdTime>
<generatorID>F7DB7CE9-F832-AFD4-E977-78083E128748</generatorID>
<ownerDesignName>SO_org Logical Model</ownerDesignName>
<indexState>Foreign Key</indexState>
<isSurrogateKey>false</isSurrogateKey>
<indexColumnUsage>
<colUsage columnID="8FE205B6-CF53-8547-2409-6D7AA9655D30"/>
</indexColumnUsage>
</ind_PK_UK>
</indexes>
</Table>