<?xml version = '1.0' encoding = 'UTF-8'?>
<Entity class="oracle.dbtools.crest.model.design.logical.Entity" directorySegmentName="seg_0" id="30EC374E-EA9A-432E-7C9B-5910B8ADA7D6" name="SO_Person">
<createdBy>pcannata</createdBy>
<createdTime>2015-01-28 22:11:44 UTC</createdTime>
<ownerDesignName>SO_org Logical Model</ownerDesignName>
<engineerTo>
<item key="E9869E9A-B16F-6931-5A3D-624B83015105" value="true"/>
</engineerTo>
<adequatelyNormalized>NO</adequatelyNormalized>
<expectedVolumes>0</expectedVolumes>
<fwdEngineeringStrategyName>Single Table</fwdEngineeringStrategyName>
<growthPercent>0</growthPercent>
<growthType>Year</growthType>
<maxVolumes>9999999</maxVolumes>
<minVolumes>0</minVolumes>
<normalForm>Third</normalForm>
<attributes itemClass="oracle.dbtools.crest.model.design.logical.Attribute">
<Attribute name="person_id" id="FDB187B9-4AEA-85D1-6F0C-6942B590F5FD">
<createdBy>pcannata</createdBy>
<createdTime>2015-01-28 22:12:26 UTC</createdTime>
<ownerDesignName>SO_org Logical Model</ownerDesignName>
<engineerTo>
<item key="E9869E9A-B16F-6931-5A3D-624B83015105" value="true"/>
</engineerTo>
<useDomainConstraints>false</useDomainConstraints>
<use>1</use>
<logicalDatatype>LOGDT011</logicalDatatype>
</Attribute>
<Attribute name="type" id="2DF31BFE-70B0-810A-2889-D86B37FA8748">
<createdBy>pcannata</createdBy>
<createdTime>2015-02-02 22:14:21 UTC</createdTime>
<ownerDesignName>SO_org Logical Model</ownerDesignName>
<engineerTo>
<item key="E9869E9A-B16F-6931-5A3D-624B83015105" value="true"/>
</engineerTo>
<nullsAllowed>true</nullsAllowed>
<useDomainConstraints>false</useDomainConstraints>
<use>1</use>
<logicalDatatype>LOGDT024</logicalDatatype>
<dataTypeSize>255</dataTypeSize>
</Attribute>
<Attribute name="name" id="486705C8-1F18-1097-022D-8A5D6070EA77">
<createdBy>pcannata</createdBy>
<createdTime>2015-01-28 22:12:39 UTC</createdTime>
<ownerDesignName>SO_org Logical Model</ownerDesignName>
<engineerTo>
<item key="E9869E9A-B16F-6931-5A3D-624B83015105" value="true"/>
</engineerTo>
<nullsAllowed>true</nullsAllowed>
<useDomainConstraints>false</useDomainConstraints>
<use>1</use>
<logicalDatatype>LOGDT024</logicalDatatype>
<dataTypeSize>255</dataTypeSize>
</Attribute>
<Attribute name="dob" id="1A9B6E63-B780-F315-4AAD-B7102DDCD927">
<createdBy>pcannata</createdBy>
<createdTime>2015-01-28 22:14:40 UTC</createdTime>
<ownerDesignName>SO_org Logical Model</ownerDesignName>
<engineerTo>
<item key="E9869E9A-B16F-6931-5A3D-624B83015105" value="true"/>
</engineerTo>
<nullsAllowed>true</nullsAllowed>
<useDomainConstraints>false</useDomainConstraints>
<use>1</use>
<logicalDatatype>LOGDT007</logicalDatatype>
</Attribute>
<Attribute name="empid" id="0745CBC6-3E9E-4811-C247-8685446564C0">
<createdBy>pcannata</createdBy>
<createdTime>2015-02-02 22:15:08 UTC</createdTime>
<ownerDesignName>SO_org Logical Model</ownerDesignName>
<engineerTo>
<item key="E9869E9A-B16F-6931-5A3D-624B83015105" value="true"/>
</engineerTo>
<nullsAllowed>true</nullsAllowed>
<useDomainConstraints>false</useDomainConstraints>
<use>1</use>
<logicalDatatype>LOGDT011</logicalDatatype>
</Attribute>
<Attribute name="org_id" id="6F739C9F-4C0F-A83B-0C84-ADB09F1DBF94">
<createdBy>pcannata</createdBy>
<createdTime>2015-02-02 22:16:31 UTC</createdTime>
<generatorID>F7DB7CE9-F832-AFD4-E977-78083E128748</generatorID>
<ownerDesignName>SO_org Logical Model</ownerDesignName>
<engineerTo>
<item key="E9869E9A-B16F-6931-5A3D-624B83015105" value="true"/>
</engineerTo>
<nullsAllowed>true</nullsAllowed>
<referedAttribute>39AB6D9A-5767-5827-AE0E-0D5C7152CECC</referedAttribute>
<useDomainConstraints>false</useDomainConstraints>
<use>1</use>
<logicalDatatype>LOGDT011</logicalDatatype>
</Attribute>
</attributes>
<identifiers itemClass="oracle.dbtools.crest.model.design.logical.CandidateKey">
<identifier id="DB6CCB10-4B74-DB04-2821-07A6E7FA3583" name="SO_Person PK">
<createdBy>pcannata</createdBy>
<createdTime>2015-01-28 22:12:37 UTC</createdTime>
<ownerDesignName>SO_org Logical Model</ownerDesignName>
<engineerTo>
<item key="E9869E9A-B16F-6931-5A3D-624B83015105" value="true"/>
</engineerTo>
<pk>true</pk>
<usedAttributes>
<attributeRef>FDB187B9-4AEA-85D1-6F0C-6942B590F5FD</attributeRef>
</usedAttributes>
</identifier>
</identifiers>
</Entity>