<?xml version = '1.0' encoding = 'UTF-8'?>
<Relation class="oracle.dbtools.crest.model.design.logical.Relation" name="r4" directorySegmentName="seg_0" id="AEBA19BF-DC58-379E-CAA4-3E0DAC610343">
<createdBy>pcannata</createdBy>
<createdTime>2015-01-28 23:03:23 UTC</createdTime>
<ownerDesignName>SO_org</ownerDesignName>
<engineerTo>
<item key="30E59D9B-A3B8-9EC3-0332-939B06E8BECE" value="true"/>
</engineerTo>
<identifying>false</identifying>
<optionalSource>true</optionalSource>
<optionalTarget>true</optionalTarget>
<sourceCardinality>*</sourceCardinality>
<sourceEntity>838EA91C-9DCF-E6AB-F82B-E8ACAC469C6D</sourceEntity>
<targetCardinalityString>*</targetCardinalityString>
<targetEntity>DC8CB170-5652-523B-2F25-9659230AC8CA</targetEntity>
<transferable>true</transferable>
<deleteRule>NO ACTION</deleteRule>
</Relation>